stop_id,hour,tree_id
node/114340464,13,86434
node/114359562,13,71800
node/281014139,13,131209
node/281014594,13,33627
node/282012567,13,88996
node/428787332,13,157294
node/648653719,13,33125
node/650781102,13,30236
node/650781131,13,30243
node/654538397,13,30313
node/654538401,13,30317
node/654538411,13,30371
node/654538443,13,68440
node/654538463,13,396255
node/655335119,13,30746
node/656735048,13,70099
node/656863425,13,241567
node/656863443,13,114876
node/656863444,13,101750
node/658877718,13,238999
node/661757918,13,70650
node/661902193,13,132901
node/662287133,13,96557
node/663389725,13,341848
node/676643327,13,185006
node/680299285,13,234
node/680377132,13,51052
node/680520275,13,109144
node/693933529,13,76076
node/715987136,13,113897
node/715987159,13,40546
node/715987161,13,21911
node/716008568,13,81393
node/716008570,13,237460
node/723278960,13,107993
node/726880711,13,213103
node/726899485,13,143123
node/726905052,13,38538
node/726927283,13,116908
node/729049314,13,321027
node/729049346,13,81414
node/729049397,13,21544
node/749915461,13,73564
node/749915501,13,73657
node/959824649,13,54990
node/959824660,13,55736
node/994147892,13,38626
node/998807645,13,116933
node/998807657,13,116900
node/1103678784,13,427134
node/1137872285,13,66814
node/1272557552,13,391702
node/1272557592,13,59051
node/1272557722,13,71647
node/1273655591,13,316439
node/1273665587,13,134121
node/1277834727,13,32667
node/1279695348,13,10742
node/1279742021,13,343696
node/1279742050,13,411188
node/1279742063,13,411187
node/1295159014,13,99147
node/1316610242,13,116558
node/1539534967,13,52571
node/1545848949,13,59857
node/1547084482,13,237915
node/1548022428,13,63911
node/1630392450,13,11096
node/1630392476,13,13570
node/1860891777,13,349565
node/1861526789,13,55717
node/1918467028,13,13518
node/1918467030,13,11145
node/1918467042,13,13591
node/1918467044,13,18293
node/1918467045,13,11123
node/1918467046,13,13563
node/1918467049,13,11044
node/1918467050,13,10968
node/1918467054,13,11017
node/1918488179,13,28879
node/1923999678,13,131730
node/1930722222,13,139202
node/1953124142,13,24765
node/1989004813,13,24826
node/1989004814,13,24810
node/2051364325,13,10605
node/2106295907,13,365386
node/2140750248,13,28112
node/2294678470,13,47127
node/2363249181,13,80634
node/2404020692,13,134058
node/2411169384,13,54318
node/2411184701,13,38726
node/2411481251,13,110492
node/2411481253,13,38660
node/2411513132,13,113336
node/2425602960,13,25047
node/2461220917,13,13070
node/2471413129,13,2465
node/2493833605,13,256131
node/2505950560,13,21352
node/2514370020,13,157777
node/2514370021,13,158019
node/2514370028,13,157804
node/2529588241,13,117045
node/2529588265,13,116950
node/2535325127,13,80577
node/2535381184,13,316230
node/2550350554,13,3051
node/2564448048,13,95509
node/2564448049,13,142325
node/2566656687,13,20293
node/2575832359,13,137960
node/2608634440,13,11641
node/2609456195,13,108826
node/2610487152,13,340712
node/2616331666,13,96988
node/2632516508,13,109799
node/2633499506,13,203748
node/2635330493,13,86535
node/2651751914,13,22609
node/2653825749,13,464002
node/2653863599,13,12149
node/2659231278,13,29781
node/2659362311,13,42653
node/2668430722,13,3193
node/2668505483,13,4317
node/2707129442,13,97377
node/2707210897,13,26029
node/2859881744,13,4877
node/2859881745,13,4842
node/2859906856,13,38855
node/2860061584,13,245631
node/2860065380,13,2187
node/2862282747,13,89349
node/2868399805,13,95570
node/2868407742,13,95532
node/2870175902,13,96166
node/2886907974,13,134678
node/2923126645,13,18364
node/2998129811,13,56385
node/3003594978,13,49629
node/3012120995,13,84810
node/3016600597,13,152011
node/3021854035,13,339
node/3022882349,13,55863
node/3035842803,13,433
node/3036649482,13,18468
node/3036649483,13,12585
node/3036649486,13,11689
node/3050921307,13,284
node/3050921308,13,309
node/3059689204,13,11446
node/3127491126,13,197365
node/3200725396,13,16955
node/3236536367,13,386863
node/3254078125,13,84838
node/3717587927,13,5787
node/3717587934,13,5726
node/3758958225,13,231549
node/3759179960,13,169820
node/3787404038,13,484370
node/3808056722,13,66969
node/3808544749,13,144532
node/3808544751,13,77876
node/4171387732,13,11500
node/4337326010,13,26735
node/4456582562,13,38433
node/4456582565,13,38478
node/4487292403,13,391928
node/4512720078,13,51052
node/4560348361,13,5091
node/4560348363,13,5120
node/4560348366,13,1850
node/4889403492,13,38226
node/4889403494,13,38265
node/4889919300,13,38217
node/5064259820,13,130801
node/5593411954,13,55508
node/7221409716,13,5751
node/8138571319,13,301945
node/9424085228,13,219865
node/9458578380,13,41203
node/9471105465,13,76346
node/9471915764,13,116347
node/9474161485,13,80528
node/9474161487,13,61997
node/9474161489,13,121192
node/9487060571,13,47341
node/9487060573,13,62100
node/9489394998,13,139915
node/9489395011,13,116252
node/9649543534,13,197409
node/9888166829,13,68536
node/9979453966,13,360382
node/9995010587,13,26858
node/9995012057,13,26840
node/10006207182,13,13037
node/10009064543,13,1378
node/10103394741,13,80639
node/10207587805,13,459970
node/10246496584,13,110332
node/10596848258,13,65383
node/10652163791,13,99952
node/10695066052,13,38312
node/10716585952,13,7467
node/10737241564,13,29318
node/10745477593,13,4629
node/10748907091,13,4595
node/10750421773,13,124677
node/10750447195,13,124666
node/10776067844,13,303340
node/10942429363,13,113984
node/10981051285,13,73696
node/11097291306,13,115971
node/11248475435,13,144532
node/11283184445,13,86278
node/11309793360,13,37357
node/12371264422,13,86408
node/12371264426,13,142434
node/13725165459,13,65637
node/114359562,14,71800
node/114359572,14,4371
node/281014594,14,33627
node/345361940,14,228818
node/428787332,14,157294
node/428791961,14,429037
node/441590516,14,194693
node/634639645,14,30374
node/645389928,14,76543
node/648653719,14,33125
node/650781102,14,30236
node/650781131,14,30242
node/654538397,14,30313
node/654538401,14,30314
node/654538411,14,30371
node/654538443,14,323406
node/654538463,14,396255
node/655335119,14,30751
node/656735048,14,70099
node/656863443,14,114876
node/656863444,14,101750
node/660880367,14,433707
node/661757917,14,393475
node/661902193,14,433732
node/662249354,14,96623
node/662249355,14,96749
node/662287133,14,96557
node/662287137,14,96636
node/663389725,14,341848
node/676691604,14,108121
node/680299285,14,234
node/680377132,14,51052
node/680520275,14,109144
node/693933529,14,76076
node/715987159,14,40546
node/715987161,14,21911
node/716008568,14,81393
node/716008570,14,237460
node/723278960,14,107993
node/726880711,14,213103
node/726880721,14,482467
node/726899485,14,142976
node/726905052,14,38538
node/726927282,14,117049
node/729049346,14,81414
node/729049397,14,21544
node/776998622,14,132987
node/959824634,14,55842
node/959824649,14,54991
node/959824660,14,55736
node/994009755,14,227842
node/994147892,14,38626
node/998807645,14,116899
node/1137872285,14,66814
node/1272557326,14,146267
node/1272557592,14,59051
node/1273655591,14,316439
node/1279742050,14,411188
node/1279742063,14,411187
node/1295159014,14,99147
node/1295523760,14,41227
node/1316610242,14,116558
node/1316610245,14,327024
node/1518866613,14,339393
node/1539534967,14,52571
node/1547084482,14,237915
node/1598229892,14,65188
node/1630392476,14,13570
node/1918467028,14,13518
node/1918467030,14,11145
node/1918467042,14,13591
node/1918467044,14,18293
node/1918467045,14,11123
node/1918467049,14,11044
node/1918488179,14,28879
node/1923999678,14,131730
node/1923999680,14,245792
node/1930722222,14,139202
node/1930730811,14,138879
node/1938479893,14,197438
node/1953124142,14,24765
node/1989004813,14,24825
node/1989004814,14,24810
node/2051364325,14,10605
node/2106295907,14,365386
node/2140750248,14,28112
node/2208067335,14,129479
node/2208662025,14,214642
node/2294678470,14,47127
node/2363249181,14,80634
node/2363249195,14,80673
node/2363249210,14,80661
node/2404020692,14,134058
node/2411169383,14,38791
node/2411169384,14,54318
node/2411184701,14,38726
node/2411184721,14,38714
node/2411481251,14,110598
node/2411481253,14,38660
node/2411513132,14,113336
node/2425602960,14,25047
node/2471413129,14,2465
node/2471413139,14,3135
node/2505950560,14,21352
node/2514370020,14,157777
node/2514370021,14,158019
node/2514370028,14,157804
node/2529588265,14,117027
node/2535325127,14,80577
node/2564448047,14,95455
node/2564448048,14,95509
node/2566656687,14,20293
node/2609456195,14,108826
node/2616331666,14,96988
node/2617892104,14,29763
node/2625787776,14,102387
node/2632516522,14,260411
node/2633499506,14,203748
node/2634897688,14,212750
node/2635330493,14,86536
node/2651751914,14,22609
node/2655835417,14,7053
node/2659362311,14,42653
node/2668421266,14,5317
node/2668430722,14,3193
node/2668505483,14,4317
node/2668517881,14,442027
node/2707210897,14,26029
node/2856773444,14,11598
node/2859881743,14,3164
node/2859881744,14,4877
node/2859881745,14,4842
node/2859906856,14,38856
node/2859912153,14,113602
node/2860061584,14,245631
node/2860065380,14,2187
node/2868407742,14,95532
node/2870175902,14,96166
node/2870196120,14,96066
node/2886907974,14,134678
node/2923126645,14,18364
node/3003594978,14,49630
node/3005194063,14,49654
node/3012120995,14,84810
node/3016600597,14,152011
node/3021854035,14,339
node/3022882349,14,55863
node/3036649482,14,18468
node/3036649483,14,12585
node/3036649484,14,227885
node/3036649486,14,11689
node/3050921307,14,284
node/3050921308,14,309
node/3127491126,14,197365
node/3200725396,14,19452
node/3254078125,14,84838
node/3717587927,14,5787
node/3717587934,14,5726
node/3720096881,14,3101
node/3759179960,14,169820
node/3787404038,14,484370
node/3808544751,14,77876
node/4142388099,14,219897
node/4456582562,14,38433
node/4456582565,14,38478
node/4512720078,14,51052
node/4560348363,14,380149
node/4560348366,14,1850
node/4662947772,14,324199
node/4889403492,14,38226
node/4889403494,14,38265
node/4889919300,14,38217
node/5081379378,14,303370
node/7221409716,14,5751
node/8138571319,14,301945
node/9031432377,14,63822
node/9424085228,14,219865
node/9458578380,14,41202
node/9471915764,14,116347
node/9474161485,14,80528
node/9474161487,14,61997
node/9474161489,14,120971
node/9487060573,14,62100
node/9489394998,14,139915
node/9489395011,14,116252
node/9649426474,14,343698
node/9649543534,14,197409
node/9995010587,14,26858
node/9995012057,14,26840
node/10006171601,14,71739
node/10006207182,14,13037
node/10009064543,14,1378
node/10103394741,14,80639
node/10175760858,14,68707
node/10207587805,14,459970
node/10220186990,14,16955
node/10246496584,14,110332
node/10572819518,14,99
node/10589033365,14,63788
node/10594645101,14,17047
node/10594645102,14,445218
node/10596848258,14,65383
node/10652163791,14,99952
node/10716585952,14,7467
node/10737241564,14,29319
node/10748907091,14,4595
node/10750421773,14,124677
node/10750447195,14,124667
node/10755995859,14,49412
node/10798943982,14,480721
node/10942429363,14,113984
node/10981051285,14,73696
node/10995041788,14,71525
node/11097291306,14,115971
node/12371264426,14,142434
node/95766440,15,109017
node/102254906,15,110293
node/114359572,15,4371
node/281014594,15,33627
node/345361940,15,228818
node/441590516,15,194694
node/506111737,15,113902
node/634639645,15,30373
node/645389866,15,21674
node/645389928,15,76543
node/648626781,15,33468
node/648626783,15,387144
node/648653719,15,33125
node/650781131,15,30242
node/654538401,15,30313
node/654538443,15,68440
node/654538463,15,396255
node/655335119,15,30751
node/656735048,15,70099
node/656863443,15,114876
node/656863445,15,101765
node/660880367,15,433707
node/661757917,15,393475
node/661902193,15,433732
node/662249354,15,96623
node/662249355,15,96750
node/662287133,15,96557
node/662287137,15,96636
node/663389725,15,341848
node/680299285,15,234
node/680377132,15,51052
node/680520275,15,109144
node/680520360,15,51260
node/693933529,15,76076
node/715987136,15,113898
node/715987155,15,40592
node/715987159,15,40546
node/723278960,15,107993
node/726880696,15,242382
node/726899485,15,142976
node/726927282,15,117049
node/729314006,15,309702
node/729314014,15,153824
node/745843569,15,56994
node/776998622,15,132986
node/959824634,15,55842
node/959824649,15,54991
node/959824660,15,55736
node/994009755,15,227842
node/994089720,15,227828
node/994147892,15,38625
node/998638179,15,143054
node/1137872285,15,66814
node/1272557326,15,146267
node/1272557592,15,59051
node/1273702747,15,134626
node/1277834449,15,103539
node/1279742063,15,411187
node/1293986598,15,256130
node/1295523760,15,41227
node/1316610242,15,116558
node/1473306609,15,47893
node/1518866613,15,339393
node/1539547355,15,52600
node/1544841003,15,103332
node/1545851972,15,59280
node/1545852463,15,330914
node/1547084482,15,237915
node/1598229892,15,65188
node/1918467028,15,13518
node/1918467030,15,11145
node/1918467042,15,13591
node/1918467044,15,18293
node/1918488179,15,28880
node/1923999680,15,245792
node/1930722222,15,139202
node/1930730811,15,138879
node/1938479893,15,197438
node/1953124118,15,24912
node/1953124142,15,24765
node/1953124147,15,24893
node/1989004814,15,24810
node/1999319841,15,42439
node/2106295907,15,365386
node/2140750248,15,28112
node/2208067335,15,129479
node/2208662025,15,214642
node/2286139686,15,109848
node/2363249181,15,80634
node/2363249195,15,80673
node/2363249210,15,80662
node/2404020692,15,134058
node/2411169383,15,38791
node/2411169384,15,54318
node/2411184701,15,38726
node/2411184721,15,38715
node/2411481253,15,38660
node/2411513132,15,113336
node/2425602960,15,25047
node/2471413129,15,2466
node/2471413139,15,3135
node/2514370020,15,157777
node/2514370031,15,158196
node/2529588265,15,117027
node/2535325123,15,80579
node/2548832867,15,59392
node/2550350560,15,2779
node/2558370099,15,169711
node/2564448047,15,95455
node/2564448048,15,95509
node/2566656687,15,20293
node/2613168363,15,17928
node/2616331666,15,96988
node/2617892104,15,29763
node/2625787776,15,102387
node/2632516492,15,196396
node/2632516522,15,260411
node/2633499506,15,203748
node/2634897688,15,212750
node/2651751914,15,22609
node/2655835417,15,7053
node/2659231278,15,29783
node/2665611536,15,113962
node/2668421266,15,5317
node/2668430722,15,3193
node/2668455763,15,309527
node/2668467396,15,134012
node/2668505483,15,4317
node/2668517891,15,5276
node/2711706935,15,302311
node/2856773444,15,11598
node/2859881743,15,3164
node/2859881744,15,4877
node/2860037788,15,113584
node/2860061584,15,245632
node/2868407742,15,95532
node/2870196120,15,96066
node/2923126645,15,18364
node/2998129806,15,333557
node/3003594978,15,49630
node/3005194063,15,49654
node/3012120995,15,84809
node/3016600597,15,152011
node/3016600599,15,152500
node/3021854035,15,339
node/3022882349,15,55863
node/3036649483,15,12585
node/3036649484,15,227885
node/3036649486,15,11689
node/3254078125,15,84838
node/3716873809,15,11692
node/3716873810,15,12586
node/3717587927,15,5787
node/3717587934,15,5726
node/3720096881,15,3101
node/3720303412,15,71757
node/3752972249,15,69879
node/3759179960,15,169434
node/3780582515,15,439341
node/3785026066,15,235304
node/3787404038,15,484370
node/3789624742,15,205736
node/3808056722,15,66968
node/3808544751,15,77876
node/4194156249,15,210170
node/4194167377,15,11514
node/4456582562,15,38433
node/4456582565,15,38478
node/4560348363,15,380149
node/4662947772,15,324199
node/4889234648,15,210465
node/4889403494,15,38265
node/4889403500,15,108001
node/4992102606,15,29319
node/5081379378,15,303370
node/6812085822,15,65387
node/7221409716,15,5751
node/9471915764,15,116347
node/9474161487,15,61997
node/9474161488,15,43776
node/9474161489,15,47337
node/9487060572,15,43765
node/9489395011,15,116252
node/9649426474,15,343698
node/9649543535,15,119900
node/9995010587,15,26848
node/9995012057,15,26840
node/10006171601,15,71739
node/10175760858,15,68707
node/10207587805,15,459970
node/10220186990,15,19452
node/10246496584,15,110332
node/10572819518,15,99
node/10589033364,15,64111
node/10594645101,15,17047
node/10594645102,15,445218
node/10596848258,15,65383
node/10646561671,15,227831
node/10652163790,15,244602
node/10652163791,15,99952
node/10695062076,15,38283
node/10695066052,15,38313
node/10737241564,15,29319
node/10748907091,15,4595
node/10750421773,15,124677
node/10750447195,15,124667
node/10755995859,15,49412
node/10798943982,15,76343
node/10942429363,15,113984
node/10995041788,15,71525
node/11097291905,15,367224
node/11394201834,15,419928
node/12371264426,15,142435
node/13474226814,15,415570
node/95766440,16,109017
node/102254906,16,110293
node/114359562,16,71739
node/114359572,16,4371
node/281014594,16,33627
node/306596480,16,61504
node/345361940,16,228818
node/441590516,16,194694
node/645389866,16,21679
node/645389928,16,76543
node/648626772,16,33114
node/648626781,16,33468
node/648626783,16,387144
node/650781102,16,241496
node/650781131,16,30241
node/654538397,16,30312
node/654538401,16,30313
node/654538442,16,68422
node/654538443,16,68515
node/654538463,16,396255
node/655335119,16,30751
node/655335201,16,82056
node/656735048,16,70099
node/656863441,16,233193
node/656863443,16,114876
node/656863445,16,101765
node/660880367,16,433707
node/661288941,16,139593
node/661757898,16,231975
node/661902193,16,433732
node/662249354,16,96623
node/662249355,16,96750
node/662287137,16,96635
node/676700279,16,108092
node/678880597,16,142414
node/680377132,16,51052
node/680520360,16,51260
node/693933532,16,76146
node/715987136,16,113898
node/715987155,16,40592
node/715987157,16,40551
node/715987159,16,40546
node/716008564,16,81343
node/716008568,16,81396
node/716008570,16,237461
node/723278960,16,107992
node/726899485,16,142976
node/726927282,16,116947
node/726927283,16,117049
node/729314006,16,309702
node/729314014,16,313609
node/745843569,16,56994
node/745843722,16,477530
node/749915501,16,73650
node/776998622,16,132986
node/959824634,16,55842
node/959824649,16,54991
node/994009755,16,227842
node/994089720,16,227828
node/994118008,16,55692
node/994147892,16,38625
node/998638179,16,143054
node/1011790409,16,373764
node/1028305084,16,242523
node/1137872285,16,66814
node/1272557326,16,146267
node/1272557684,16,71542
node/1273736296,16,223884
node/1277732178,16,77792
node/1277834449,16,103539
node/1284582060,16,480340
node/1284927093,16,474445
node/1293986598,16,256130
node/1362090001,16,262156
node/1473306609,16,47893
node/1518866613,16,339393
node/1539534967,16,52574
node/1539547355,16,52600
node/1544841003,16,103332
node/1545851972,16,59280
node/1627175135,16,28178
node/1861526789,16,55708
node/1918467030,16,11145
node/1918480815,16,45722
node/1918488179,16,28880
node/1923999680,16,245792
node/1930730811,16,138879
node/1938479893,16,197438
node/1953124142,16,24765
node/1953124147,16,24893
node/1989004813,16,24871
node/1989004814,16,24810
node/2106383023,16,11486
node/2140750248,16,28112
node/2208067335,16,129479
node/2294693275,16,51801
node/2294693276,16,264759
node/2363249181,16,80634
node/2363249195,16,80673
node/2363249210,16,80662
node/2411169384,16,54318
node/2411184701,16,38692
node/2411184721,16,38715
node/2411481253,16,38686
node/2425602960,16,25047
node/2430094942,16,108863
node/2471413129,16,2467
node/2471413159,16,3131
node/2486627825,16,129438
node/2514370015,16,158651
node/2514370020,16,157777
node/2514370031,16,158196
node/2529588241,16,117043
node/2529588265,16,117027
node/2535325123,16,80579
node/2535381201,16,120855
node/2548832867,16,59392
node/2550350560,16,2779
node/2550369647,16,477387
node/2552386621,16,50100
node/2558370099,16,169711
node/2564448047,16,95455
node/2564448048,16,95509
node/2610487136,16,236907
node/2610487145,16,449068
node/2613168363,16,17928
node/2613236650,16,76460
node/2616310815,16,309297
node/2616331666,16,96988
node/2625787776,16,102387
node/2632516492,16,196396
node/2632527077,16,59298
node/2632527082,16,59424
node/2633488035,16,31963
node/2633499506,16,203748
node/2633499507,16,327238
node/2634043774,16,460584
node/2634862908,16,86163
node/2634897688,16,212750
node/2651751914,16,22609
node/2659231278,16,29783
node/2662847374,16,131559
node/2665611536,16,113962
node/2665782703,16,328275
node/2668421266,16,5317
node/2668430722,16,3193
node/2668430728,16,17210
node/2668467396,16,134012
node/2668505483,16,4317
node/2711706935,16,65204
node/2856773445,16,11570
node/2860037788,16,113584
node/2860061584,16,245632
node/2868407742,16,95532
node/2870175903,16,243767
node/2870196120,16,96066
node/2886903239,16,318740
node/2886907975,16,253635
node/3005158303,16,55745
node/3005194063,16,49654
node/3012120995,16,84809
node/3016600599,16,152500
node/3021854035,16,339
node/3036649483,16,12589
node/3036649486,16,11689
node/3254078125,16,84839
node/3501065011,16,140850
node/3716873809,16,11692
node/3716873810,16,12586
node/3717587927,16,5787
node/3717587934,16,5728
node/3720303412,16,71757
node/3752972249,16,69879
node/3759179960,16,169434
node/3780582515,16,439341
node/3785016551,16,110185
node/3785026066,16,235304
node/3789624742,16,205736
node/4098009012,16,87772
node/4194156249,16,210170
node/4194167377,16,11514
node/4456582562,16,38433
node/4456582565,16,38479
node/4512720078,16,51051
node/4540215835,16,430902
node/4662947772,16,324199
node/4889234648,16,210465
node/4889403500,16,108001
node/4889919299,16,38258
node/4889919300,16,38234
node/4992102606,16,29319
node/5081379378,16,303370
node/6812085822,16,65387
node/7221409716,16,5751
node/9471915764,16,116347
node/9474161487,16,61997
node/9474161488,16,43776
node/9474161489,16,47337
node/9474255789,16,81231
node/9487060571,16,121192
node/9487060572,16,43765
node/9489395011,16,116251
node/9649543535,16,119901
node/9985667275,16,77834
node/9995012057,16,26840
node/10006171601,16,71739
node/10009064543,16,17079
node/10056597632,16,17054
node/10214557894,16,35464
node/10572819518,16,99
node/10589033364,16,64112
node/10594645101,16,17047
node/10594645102,16,445218
node/10596848258,16,65383
node/10646561671,16,227832
node/10652163790,16,244602
node/10652163791,16,99950
node/10695062076,16,38283
node/10695066052,16,38313
node/10716585952,16,19743
node/10737241564,16,29319
node/10745394912,16,77793
node/10750447195,16,124667
node/10755995859,16,49412
node/10776067844,16,303341
node/10778270047,16,303291
node/10942429363,16,113984
node/10995041788,16,71525
node/11097291306,16,115969
node/11097291905,16,367224
node/11286751086,16,35605
node/11331221297,16,33259
node/11394201834,16,419928
node/12625947814,16,36177
node/13474226814,16,415570
node/13795300298,16,141072
node/95766440,17,109017
node/114359530,17,110300
node/114359562,17,71739
node/114359572,17,4371
node/260350380,17,6629
node/281014594,17,33627
node/441590516,17,194694
node/506111737,17,113803
node/634639645,17,30371
node/645389866,17,21679
node/645389928,17,76543
node/648626772,17,33114
node/648626781,17,33468
node/648626783,17,387144
node/649739307,17,270133
node/649739566,17,21590
node/650781102,17,241496
node/650781131,17,30241
node/654538356,17,30352
node/654538397,17,30312
node/654538401,17,30311
node/654538442,17,68422
node/654538443,17,68517
node/655335119,17,30751
node/655335152,17,47673
node/656735048,17,70099
node/656863433,17,331255
node/656863443,17,114876
node/656863445,17,101765
node/660880367,17,433707
node/661288941,17,139592
node/661757898,17,231975
node/662249354,17,96624
node/662249355,17,96750
node/662300563,17,122342
node/676700279,17,108092
node/676738424,17,63219
node/678880588,17,86375
node/678880591,17,86536
node/678880592,17,86480
node/678880594,17,86499
node/678880597,17,142414
node/679475726,17,107454
node/680377132,17,51052
node/680520360,17,51083
node/693683785,17,76356
node/693933529,17,76078
node/693933532,17,76146
node/715987155,17,40592
node/715987157,17,40551
node/715987159,17,40546
node/715987161,17,20369
node/716008564,17,81309
node/716008566,17,81456
node/716008568,17,81396
node/716008570,17,237461
node/723278960,17,107992
node/726927282,17,116947
node/726927283,17,456370
node/729049346,17,81415
node/729049373,17,237485
node/729049388,17,369529
node/729314006,17,309702
node/729314014,17,313609
node/729314017,17,133897
node/745843569,17,56994
node/749915496,17,73616
node/749915501,17,73650
node/776998622,17,132986
node/959824649,17,54991
node/959824660,17,55841
node/994009755,17,227842
node/994118008,17,55692
node/998638179,17,143110
node/1028305084,17,197434
node/1137830092,17,119228
node/1137872285,17,66814
node/1138006277,17,73844
node/1272557365,17,490307
node/1272557552,17,71605
node/1272557684,17,71542
node/1273736296,17,223884
node/1277732178,17,77792
node/1277834262,17,247263
node/1277834449,17,103539
node/1293986598,17,256130
node/1295523738,17,240830
node/1295523760,17,41226
node/1295523761,17,76822
node/1316610234,17,161626
node/1322862540,17,71975
node/1322862715,17,71986
node/1335607722,17,7410
node/1362090001,17,262156
node/1473306609,17,47893
node/1518866613,17,339393
node/1539534967,17,52574
node/1539547355,17,52595
node/1544841003,17,103332
node/1545848949,17,59194
node/1548022428,17,63753
node/1568189550,17,373713
node/1918467030,17,11145
node/1918467044,17,11176
node/1918480815,17,45722
node/1918488179,17,28880
node/1923999680,17,245792
node/1930730811,17,138879
node/1938479893,17,197438
node/1953124147,17,24893
node/1989004813,17,24871
node/2015156309,17,2460
node/2106383023,17,11486
node/2193287724,17,83626
node/2208067335,17,129479
node/2294693275,17,51801
node/2363249181,17,80634
node/2363249195,17,80673
node/2363249210,17,80662
node/2411169383,17,38732
node/2411184701,17,38692
node/2411184721,17,38715
node/2411481253,17,38685
node/2425602960,17,25047
node/2430094942,17,108863
node/2480091091,17,320084
node/2486627817,17,198588
node/2486627825,17,129438
node/2514370015,17,158651
node/2514370031,17,158196
node/2518949173,17,29824
node/2529588241,17,117043
node/2529588265,17,117027
node/2535325123,17,80579
node/2548832867,17,59402
node/2550369647,17,477387
node/2552386623,17,50112
node/2558370099,17,169711
node/2564448047,17,95455
node/2564448048,17,95509
node/2609287297,17,49406
node/2609287300,17,433613
node/2610487145,17,449068
node/2613168363,17,19140
node/2613236650,17,76460
node/2616310815,17,309297
node/2616331666,17,96930
node/2617953959,17,115682
node/2631756554,17,356786
node/2632468948,17,356845
node/2632516492,17,196396
node/2632516514,17,112547
node/2632527077,17,59298
node/2632527082,17,59424
node/2633488035,17,31963
node/2633499506,17,203756
node/2633499507,17,56198
node/2634859534,17,210277
node/2634862908,17,86163
node/2634897688,17,212750
node/2651751914,17,22609
node/2659231278,17,29783
node/2662847374,17,131559
node/2665611536,17,113962
node/2665782703,17,328275
node/2668421266,17,5317
node/2668424488,17,4355
node/2668430722,17,3193
node/2668430728,17,17210
node/2668467396,17,134012
node/2668505483,17,4317
node/2707210897,17,26019
node/2711706935,17,65206
node/2856773445,17,11570
node/2859881744,17,4877
node/2868407742,17,95532
node/2870175903,17,243767
node/2870196120,17,96066
node/2886903239,17,318740
node/2886907975,17,253635
node/2923126645,17,11644
node/3005158303,17,55745
node/3005194063,17,49629
node/3016600599,17,152500
node/3021854038,17,292
node/3036649483,17,12589
node/3036649486,17,11689
node/3041929155,17,309525
node/3254078125,17,84839
node/3263986607,17,65656
node/3501065011,17,140850
node/3624945317,17,46492
node/3716873809,17,11692
node/3716873810,17,12585
node/3717587927,17,5787
node/3717587929,17,11706
node/3717587934,17,5728
node/3752972249,17,69879
node/3759179957,17,169435
node/3759179960,17,165371
node/3780582515,17,439341
node/3785026066,17,235304
node/3786719325,17,119081
node/3789624742,17,205735
node/3984824935,17,86331
node/4098009012,17,87772
node/4142393672,17,35513
node/4194156249,17,210170
node/4194167377,17,11514
node/4456582562,17,38488
node/4456582565,17,38479
node/4487344995,17,8163
node/4540215835,17,430902
node/4697111064,17,377139
node/4889234648,17,210465
node/4889403500,17,108005
node/4889789447,17,22142
node/4889919299,17,38257
node/4889919300,17,38235
node/5081379378,17,303370
node/5111433087,17,108942
node/6812085822,17,65387
node/7221409716,17,5750
node/9471840470,17,101949
node/9471915763,17,116333
node/9471915764,17,116348
node/9474161487,17,61996
node/9474161488,17,43776
node/9474161489,17,47337
node/9487060571,17,47337
node/9489395010,17,116352
node/9489395011,17,116251
node/9649543534,17,197413
node/10009064543,17,17079
node/10056597632,17,17054
node/10199887329,17,34007
node/10214557894,17,35464
node/10572819518,17,95
node/10582303879,17,4214
node/10652163790,17,244602
node/10695066052,17,38313
node/10716585952,17,19743
node/10746364332,17,77814
node/10750447195,17,124667
node/10755995859,17,49412
node/10776067844,17,303341
node/10778270047,17,303291
node/10865419978,17,32281
node/10942429363,17,113967
node/10949109054,17,84808
node/10995041788,17,71526
node/11097291306,17,115969
node/11286211754,17,157740
node/11286572077,17,58330
node/11309345430,17,41214
node/11331221297,17,33259
node/12384729380,17,86110
node/12384973729,17,86395
node/12625947814,17,36177
node/13463687352,17,37094
node/13795300298,17,141072
node/102254906,18,110326
node/114359572,18,4371
node/281014594,18,33626
node/282014871,18,427506
node/441590516,18,194660
node/506111737,18,113803
node/634639449,18,407530
node/642433233,18,192930
node/648626772,18,248736
node/648626781,18,33468
node/649739566,18,21590
node/650781102,18,30234
node/650781131,18,30238
node/654538356,18,30352
node/654538397,18,30311
node/654538401,18,30311
node/654538411,18,30287
node/654538442,18,68418
node/654538443,18,68517
node/654538454,18,68526
node/654538457,18,68495
node/655335119,18,30751
node/655335152,18,47673
node/656735048,18,70099
node/656863443,18,216240
node/660867318,18,24053
node/660867345,18,433718
node/660880367,18,433709
node/661288941,18,139592
node/661757882,18,477562
node/661757917,18,67883
node/662249354,18,96549
node/662249355,18,96750
node/662300563,18,122342
node/663389729,18,76405
node/676643332,18,185107
node/676700279,18,329758
node/678880588,18,86375
node/678880589,18,86283
node/678880591,18,86534
node/678880592,18,86478
node/678880593,18,86435
node/678880594,18,86499
node/678880597,18,142414
node/679475726,18,107454
node/680377132,18,51052
node/693683785,18,76354
node/693933529,18,361643
node/693933532,18,76146
node/715987136,18,113900
node/715987155,18,40592
node/715987157,18,40551
node/715987159,18,40546
node/715987161,18,20369
node/716008564,18,81309
node/716008568,18,81396
node/716008570,18,237461
node/723278960,18,107992
node/726927282,18,485128
node/726927283,18,456370
node/729049346,18,81415
node/729049373,18,410612
node/729049388,18,369529
node/729049395,18,441744
node/729049397,18,321494
node/729314017,18,15917
node/729314034,18,84417
node/745843569,18,56994
node/749915501,18,73650
node/776998377,18,238856
node/776998421,18,238840
node/776998622,18,132986
node/776998653,18,238814
node/886547417,18,379301
node/994009755,18,227828
node/994118017,18,245541
node/994147907,18,38632
node/998638179,18,142982
node/1003276465,18,226241
node/1030280352,18,316200
node/1097841743,18,369044
node/1137830092,18,119228
node/1272557365,18,490307
node/1272557552,18,71605
node/1272557684,18,71542
node/1273595512,18,353482
node/1273736294,18,223843
node/1277732178,18,77791
node/1277834262,18,247264
node/1277834466,18,321215
node/1279657058,18,379501
node/1279695348,18,393354
node/1295343768,18,118074
node/1295531541,18,90571
node/1316610234,18,161626
node/1316610236,18,185128
node/1322862540,18,71975
node/1322862715,18,71986
node/1335607722,18,7410
node/1473306609,18,47892
node/1518866613,18,339392
node/1539547355,18,52595
node/1539583173,18,52712
node/1544841003,18,103338
node/1545848949,18,59194
node/1547094139,18,97210
node/1547101542,18,269851
node/1547103089,18,83783
node/1548022428,18,63755
node/1568189550,18,373713
node/1918467051,18,194983
node/1923999680,18,245792
node/1924011395,18,131892
node/1938479893,18,203907
node/1989004813,18,24871
node/2015156309,18,2460
node/2106383023,18,11486
node/2208067335,18,129479
node/2294693275,18,51801
node/2363249181,18,80636
node/2363249195,18,80570
node/2404020692,18,134059
node/2411184701,18,38692
node/2411481253,18,38685
node/2419304189,18,317917
node/2430052872,18,51311
node/2430118086,18,148329
node/2471413129,18,2473
node/2477037400,18,11162
node/2480091091,18,320084
node/2480091096,18,81450
node/2486627817,18,198588
node/2486627825,18,129437
node/2514370015,18,158651
node/2514370016,18,158646
node/2514370031,18,157693
node/2529588241,18,117043
node/2529588265,18,117026
node/2535325123,18,80580
node/2548832867,18,59402
node/2552386623,18,50112
node/2558370099,18,170740
node/2564448047,18,95454
node/2606331448,18,313208
node/2609287300,18,433613
node/2609319753,18,140354
node/2610487136,18,236906
node/2610487140,18,236907
node/2613168363,18,19140
node/2613183476,18,19065
node/2613183478,18,188929
node/2613183481,18,1563
node/2613236650,18,76460
node/2616331666,18,96931
node/2617953959,18,115682
node/2631756554,18,356786
node/2632516514,18,112547
node/2632527077,18,59298
node/2632527082,18,59424
node/2633488034,18,441839
node/2633488035,18,31963
node/2633499506,18,203756
node/2633499507,18,56198
node/2634859534,18,210278
node/2634862908,18,86163
node/2639692427,18,93646
node/2651751914,18,22609
node/2659231278,18,29783
node/2664120596,18,472948
node/2665610047,18,323911
node/2665788104,18,375767
node/2668421266,18,5317
node/2668424488,18,4355
node/2668430728,18,2220
node/2668517864,18,5303
node/2668517881,18,19477
node/2668517891,18,5275
node/2707210897,18,26019
node/2711706935,18,65206
node/2860037790,18,113281
node/2860061584,18,245642
node/2870175903,18,243767
node/2923126645,18,11644
node/3005158302,18,55753
node/3005194063,18,49630
node/3013077540,18,163479
node/3059689204,18,11441
node/3254078125,18,84839
node/3263986607,18,65656
node/3376598376,18,109822
node/3501065011,18,140850
node/3624945317,18,46492
node/3628864690,18,196444
node/3716873809,18,11692
node/3716873810,18,12585
node/3717587927,18,5788
node/3752972249,18,69879
node/3759179957,18,169822
node/3780582515,18,227644
node/3783192571,18,99446
node/3785026066,18,235304
node/3786087266,18,52964
node/3786087268,18,326256
node/3786669549,18,189052
node/3786719325,18,119081
node/3787515583,18,454901
node/3787613717,18,453477
node/3788722366,18,71625
node/3789624742,18,205735
node/3984824935,18,86331
node/4098009012,18,87772
node/4142393672,18,35513
node/4193136331,18,19034
node/4252333548,18,449007
node/4487350518,18,451358
node/4487419769,18,31353
node/4540215835,18,430902
node/4560348363,18,5206
node/4697111064,18,377139
node/4889403500,18,108000
node/4889919299,18,38257
node/4992102606,18,29319
node/5081379378,18,303369
node/5111433087,18,108942
node/5368403855,18,379029
node/5368438797,18,378640
node/7221409716,18,5750
node/9022370340,18,262154
node/9031432377,18,63823
node/9471840470,18,101948
node/9471915763,18,116333
node/9471915764,18,116348
node/9474161488,18,43777
node/9487060571,18,47338
node/9489395009,18,101913
node/9489395010,18,116229
node/9489395011,18,116251
node/9649543535,18,119889
node/9995012057,18,26851
node/10009064543,18,1380
node/10056597632,18,17057
node/10199887329,18,34007
node/10207587809,18,332979
node/10214557894,18,35464
node/10233145912,18,239113
node/10572819518,18,95
node/10582303879,18,4214
node/10582303880,18,4606
node/10589033362,18,314663
node/10716585952,18,19743
node/10737009427,18,41052
node/10737241564,18,29319
node/10745394912,18,77792
node/10746364332,18,77814
node/10778270047,18,303291
node/10942429363,18,113967
node/10949109054,18,84808
node/10981051285,18,73604
node/10995041788,18,71526
node/11212456308,18,447381
node/11244138190,18,52964
node/11286211754,18,157740
node/11286572077,18,58329
node/11314917558,18,197434
node/11331221297,18,33259
node/11409602394,18,4650
node/12293672165,18,86342
node/12384729380,18,86110
node/12384973729,18,86393
node/12625947814,18,36177
node/13463687352,18,37094
node/13795300298,18,141130
node/95760550,19,100316
node/114359572,19,4372
node/245566207,19,29829
node/281014594,19,33624
node/506111737,19,113891
node/634639449,19,407530
node/634639645,19,30413
node/642433233,19,192930
node/645389928,19,76542
node/648626772,19,33112
node/649739411,19,192966
node/649739566,19,21590
node/650781102,19,30234
node/654538397,19,30310
node/654538401,19,30315
node/654538411,19,30286
node/654538442,19,68418
node/654538443,19,68517
node/654538451,19,68551
node/654538454,19,68526
node/654538457,19,68639
node/655335119,19,30752
node/655335152,19,47674
node/655335201,19,82178
node/656735048,19,390434
node/660867299,19,33637
node/660867318,19,24053
node/660867345,19,433718
node/661288898,19,82058
node/661288941,19,139590
node/661757882,19,477562
node/661902212,19,132836
node/662249354,19,96549
node/662249355,19,96752
node/662287136,19,101493
node/663389729,19,76405
node/676700279,19,329758
node/676745533,19,135175
node/678880588,19,86373
node/678880589,19,86283
node/678880592,19,86478
node/678880594,19,86500
node/679447426,19,107467
node/680377132,19,51099
node/680520360,19,51081
node/693933529,19,76078
node/715987136,19,483727
node/715987161,19,20369
node/716008564,19,81310
node/716008566,19,81450
node/716008570,19,237462
node/716023944,19,212217
node/716023945,19,212090
node/726899485,19,186938
node/726923443,19,220950
node/726927282,19,485128
node/726927283,19,117049
node/729049373,19,410612
node/729049388,19,73473
node/729314013,19,133238
node/729314017,19,133896
node/729314018,19,257940
node/729314034,19,84419
node/729314066,19,210071
node/745843542,19,426803
node/745843621,19,250604
node/749915461,19,73574
node/749915496,19,73619
node/776998421,19,238840
node/959824649,19,380366
node/959824656,19,54935
node/994118008,19,55685
node/994118017,19,245540
node/998638141,19,143055
node/998638179,19,142982
node/1003276465,19,226242
node/1006057366,19,61561
node/1009312067,19,249993
node/1137830092,19,119230
node/1272557552,19,71605
node/1272557684,19,71543
node/1273736294,19,223843
node/1273736296,19,223886
node/1273736302,19,223865
node/1273736308,19,430284
node/1277732178,19,77806
node/1277834174,19,57781
node/1277834262,19,247266
node/1277834337,19,103693
node/1277834466,19,52474
node/1295523759,19,90885
node/1295523766,19,90813
node/1316610236,19,185128
node/1335607722,19,7438
node/1335607726,19,8830
node/1335607730,19,7411
node/1473306609,19,47892
node/1518866613,19,89367
node/1539534959,19,50820
node/1544841003,19,103338
node/1545848949,19,59194
node/1547101542,19,269851
node/1548022428,19,63932
node/1568190839,19,429666
node/1918467051,19,194909
node/1918488179,19,203398
node/1923999680,19,245792
node/1924011395,19,131892
node/1938479893,19,203907
node/2015156309,19,2460
node/2153344669,19,338664
node/2208067335,19,129478
node/2294678465,19,43760
node/2363249195,19,80570
node/2411184701,19,38692
node/2411481251,19,110450
node/2411481253,19,38685
node/2425602959,19,143146
node/2430052872,19,51310
node/2471413129,19,2475
node/2480091091,19,81313
node/2480091096,19,81450
node/2486627817,19,198588
node/2486627825,19,129437
node/2514370015,19,158651
node/2514370016,19,158646
node/2514370021,19,158018
node/2514370031,19,157693
node/2529588241,19,116950
node/2529588265,19,117026
node/2535325123,19,80610
node/2548806283,19,355421
node/2552386620,19,425986
node/2558370099,19,170740
node/2564448047,19,95454
node/2569917218,19,339353
node/2606331448,19,313208
node/2609287300,19,433613
node/2609319753,19,140355
node/2610487140,19,236906
node/2610487149,19,18966
node/2613168363,19,7466
node/2616331666,19,96931
node/2616331672,19,50761
node/2617953959,19,115613
node/2625785842,19,94340
node/2632468948,19,112773
node/2632516514,19,112547
node/2632527073,19,49272
node/2633488035,19,31963
node/2633499506,19,203756
node/2634859534,19,210278
node/2634862908,19,86160
node/2639692427,19,93646
node/2639749380,19,35859
node/2639752932,19,102601
node/2651751914,19,22609
node/2655760267,19,41052
node/2659231278,19,29817
node/2664120596,19,472948
node/2664137046,19,87324
node/2664152347,19,142307
node/2665788104,19,375767
node/2668430728,19,2220
node/2668452935,19,123943
node/2668517864,19,5303
node/2707204585,19,246250
node/2868407743,19,87688
node/2870175902,19,153488
node/2887383937,19,241778
node/3005194063,19,49630
node/3012433135,19,226587
node/3013077540,19,163479
node/3016600596,19,152777
node/3059689204,19,18329
node/3178775173,19,313098
node/3254078125,19,84813
node/3373440443,19,109864
node/3376598376,19,109821
node/3377118662,19,19374
node/3759179957,19,169822
node/3773487102,19,79105
node/3783192571,19,99578
node/3786087266,19,52963
node/3786669549,19,189052
node/3787613717,19,453477
node/3788722359,19,34046
node/3789624742,19,205734
node/3808056723,19,66969
node/3808544749,19,144547
node/3984824935,19,86331
node/4193143533,19,3291
node/4194156249,19,46946
node/4195580734,19,109826
node/4195580737,19,59549
node/4252333548,19,56416
node/4252333550,19,377859
node/4424654969,19,35553
node/4456582562,19,38488
node/4487344996,19,7673
node/4487350518,19,451358
node/4487367446,19,9011
node/4487419769,19,31310
node/4540215835,19,430902
node/4570534699,19,146171
node/4889234648,19,210444
node/4889403500,19,108000
node/4889919253,19,108023
node/4889919299,19,38256
node/4992102606,19,29319
node/5081364232,19,356438
node/5081364242,19,127822
node/5111433087,19,108943
node/7221409716,19,5749
node/9248045256,19,336497
node/9250830301,19,212515
node/9471105465,19,76291
node/9471840470,19,101948
node/9471915763,19,116402
node/9471915764,19,116352
node/9487060570,19,119894
node/9487060572,19,43777
node/9985667275,19,77833
node/10009064543,19,1380
node/10199887329,19,34006
node/10233145912,19,239113
node/10572819518,19,314110
node/10582303879,19,17450
node/10589033362,19,314663
node/10737241564,19,29319
node/10745394912,19,77792
node/10745394915,19,330415
node/10746364332,19,77814
node/10942429363,19,113967
node/10981051285,19,73604
node/10995041788,19,71563
node/11007907458,19,184144
node/11149491868,19,328375
node/11215559275,19,66628
node/11244138190,19,52962
node/11248475435,19,144547
node/11283910670,19,450363
node/11286211754,19,157740
node/11286572074,19,380600
node/11286572077,19,58329
node/11286751086,19,336954
node/11299621045,19,394873
node/11323343365,19,115891
node/11329310182,19,163245
node/11331221297,19,33259
node/11409602394,19,4650
node/12293672165,19,86337
node/12453116220,19,40645
node/13786920938,19,76412
node/13795300298,19,141074
